 *, *, *,1pF,0,0,Samsung Electronics,CAP CER1pF 50V X7R 0402,Cut Tape (CT), - ,Active,50,236,2,
 *, *, *,39pF,0,0,Samsung Electronics,CAP CER39pF 50V X7R 0402,Cut Tape (CT), - ,Active,50,236,3,
 *, *, *,22nF,0,0,Samsung Electronics,CAP CER22nF 50V X7R 0402,Cut Tape (CT), - ,Active,50,236,4,
 *, *, *,15nF,0,0,Samsung Electronics,CAP CER15nF 50V X7R 0402,Cut Tape (CT), - ,Active,50,236,5,
 *, *, *,24pF,0,0,Samsung Electronics,CAP CER24pF 50V X7R 0402,Cut Tape (CT), - ,Active,50,236,6,
 *, *, *,4.7pF,0,0,Samsung Electronics,CAP CER4.7pF 50V X7R 0402,Cut Tape (CT), - ,Active,50,236,7,
 *, *, *,3.9pF,0,0,Samsung Electronics,CAP CER3.9pF 50V X7R 0402,Cut Tape (CT), - ,Active,50,236,8,
 *, *, *,12pF,0,0,Samsung Electronics,CAP CER12pF 50V X7R 0402,Cut Tape (CT), - ,Active,50,236,9,
 *, *, *,8.2pF,0,0,Samsung Electronics,CAP CER8.2pF 25V X7R 0402,Cut Tape (CT), - ,Active,50,236,10,
 *, *, *,560pF,0,0,Samsung Electronics,CAP CER560pF 25V X7R 0402,Cut Tape (CT), - ,Active,50,236,11,
 *, *, *,470nF,0,0,Samsung Electronics,CAP CER470nF 25V X7R 0402,Cut Tape (CT), - ,Active,50,236,12,
 *, *, *,180pF,0,0,Samsung Electronics,CAP CER180pF 25V X7R 0402,Cut Tape (CT), - ,Active,50,236,13,
 *, *, *,820pF,0,0,Samsung Electronics,CAP CER820pF 25V X7R 0402,Cut Tape (CT), - ,Active,50,236,14,
 *, *, *,5pF,0,0,Samsung Electronics,CAP CER5pF 25V X7R 0402,Cut Tape (CT), - ,Active,50,236,15,
 *, *, *,330nF,0,0,Samsung Electronics,CAP CER330nF 25V X7R 0402,Cut Tape (CT), - ,Active,50,236,16,
 *, *, *,5.6pF,0,0,Samsung Electronics,CAP CER5.6pF 25V X7R 0402,Cut Tape (CT), - ,Active,50,236,17,
 *, *, *,560nF,0,0,Samsung Electronics,CAP CER560nF 25V X7R 0402,Cut Tape (CT), - ,Active,50,236,18,
 *, *, *,27pF,0,0,Samsung Electronics,CAP CER27pF 50V X7R 0402,Cut Tape (CT), - ,Active,50,236,19,
 *, *, *,9pF,0,0,Samsung Electronics,CAP CER9pF 50V X7R 0402,Cut Tape (CT), - ,Active,50,236,20,
 *, *, *,6.8pF,0,0,Samsung Electronics,CAP CER6.8pF 50V X7R 0402,Cut Tape (CT), - ,Active,50,236,21,
 *, *, *,330pF,0,0,Samsung Electronics,CAP CER330pF 25V X7R 0402,Cut Tape (CT), - ,Active,50,236,22,
 *, *, *,3.3pF,0,0,Samsung Electronics,CAP CER3.3pF 50V X7R 0402,Cut Tape (CT), - ,Active,50,236,23,
 *, *, *,33nF,0,0,Samsung Electronics,CAP CER33nF 50V X7R 0402,Cut Tape (CT), - ,Active,50,236,24,
 *, *, *,82pF,0,0,Samsung Electronics,CAP CER82pF 50V X7R 0402,Cut Tape (CT), - ,Active,50,236,25,
 *, *, *,5.6pF,0,0,Samsung Electronics,CAP CER5.6pF 50V X7R 0402,Cut Tape (CT), - ,Active,50,236,26,
 *, *, *,3.3nF,0,0,Samsung Electronics,CAP CER3.3nF 50V X7R 0402,Cut Tape (CT), - ,Active,50,236,27,
 *, *, *,2.7pF,0,0,Samsung Electronics,CAP CER2.7pF 50V X7R 0402,Cut Tape (CT), - ,Active,50,236,28,
 *, *, *,2.2pF,0,0,Samsung Electronics,CAP CER2.2pF 50V X7R 0402,Cut Tape (CT), - ,Active,50,236,29,
 *, *, *,3pF,0,0,Samsung Electronics,CAP CER3pF 50V X7R 0402,Cut Tape (CT), - ,Active,50,236,30,
 *, *, *,68pF,0,0,Samsung Electronics,CAP CER68pF 50V X7R 0402,Cut Tape (CT), - ,Active,50,236,31,
 *, *, *,47nF,0,0,Samsung Electronics,CAP CER47nF 50V X7R 0402,Cut Tape (CT), - ,Active,50,236,32,
 *, *, *,18pF,0,0,Samsung Electronics,CAP CER18pF 50V X7R 0402,Cut Tape (CT), - ,Active,50,236,33,
 *, *, *,150pF,0,0,Samsung Electronics,CAP CER150pF 50V X7R 0402,Cut Tape (CT), - ,Active,50,236,34,
 *, *, *,120pF,0,0,Samsung Electronics,CAP CER120pF 50V X7R 0402,Cut Tape (CT), - ,Active,50,236,35,
 *, *, *,15pF,0,0,Samsung Electronics,CAP CER15pF 50V X7R 0402,Cut Tape (CT), - ,Active,50,236,36,
 *, *, *,6.8nF,0,0,Samsung Electronics,CAP CER6.8nF 25V X7R 0402,Cut Tape (CT), - ,Active,50,236,37,
 *, *, *,10pF,0,0,Samsung Electronics,CAP CER10pF 25V X7R 0402,Cut Tape (CT), - ,Active,50,236,38,
 *, *, *,5.1pF,0,0,Samsung Electronics,CAP CER5.1pF 25V X7R 0402,Cut Tape (CT), - ,Active,50,236,39,
 *, *, *,680pF,0,0,Samsung Electronics,CAP CER680pF 25V X7R 0402,Cut Tape (CT), - ,Active,50,236,40,
 *, *, *,68nF,0,0,Samsung Electronics,CAP CER68nF 25V X7R 0402,Cut Tape (CT), - ,Active,50,236,41,
 *, *, *,10pF,0,0,Samsung Electronics,CAP CER10pF 50V X7R 0402,Cut Tape (CT), - ,Active,50,236,42,
 *, *, *,4.7nF,0,0,Samsung Electronics,CAP CER4.7nF 50V X7R 0402,Cut Tape (CT), - ,Active,50,236,43,
 *, *, *,47pF,0,0,Samsung Electronics,CAP CER47pF 50V X7R 0402,Cut Tape (CT), - ,Active,50,236,44,
 *, *, *,2pF,0,0,Samsung Electronics,CAP CER2pF 50V X7R 0402,Cut Tape (CT), - ,Active,50,236,45,
 *, *, *,1nF,0,0,Samsung Electronics,CAP CER1nF 50V X7R 0402,Cut Tape (CT), - ,Active,50,236,46,
 *, *, *,56nF,0,0,Samsung Electronics,CAP CER56nF 25V X7R 0402,Cut Tape (CT), - ,Active,50,236,47,
 *, *, *,1.5pF,0,0,Samsung Electronics,CAP CER1.5pF 50V X7R 0402,Cut Tape (CT), - ,Active,50,236,48,
 *, *, *,220pF,0,0,Samsung Electronics,CAP CER220pF 25V X7R 0402,Cut Tape (CT), - ,Active,50,236,49,
 *, *, *,1.2pF,0,0,Samsung Electronics,CAP CER1.2pF 50V X7R 0402,Cut Tape (CT), - ,Active,50,236,50,
 *, *, *,220nF,0,0,Samsung Electronics,CAP CER220nF 25V X7R 0402,Cut Tape (CT), - ,Active,50,236,51,
 *, *, *,470pF,0,0,Samsung Electronics,CAP CER470pF 25V X7R 0402,Cut Tape (CT), - ,Active,50,236,52,
 *, *, *,33pF,0,0,Samsung Electronics,CAP CER33pF 25V X7R 0402,Cut Tape (CT), - ,Active,50,236,53,
 *, *, *,1uF,0,0,Samsung Electronics,CAP CER1uF 25V X7R 0402,Cut Tape (CT), - ,Active,50,236,54,
 *, *, *,22pF,0,0,Samsung Electronics,CAP CER22pF 50V X7R 0402,Cut Tape (CT), - ,Active,50,236,55,
 *, *, *,2.2nF,0,0,Samsung Electronics,CAP CER2.2nF 25V X7R 0402,Cut Tape (CT), - ,Active,50,236,56,
 *, *, *,100pF,0,0,Samsung Electronics,CAP CER100pF 50V X7R 0402,Cut Tape (CT), - ,Active,50,236,57,
 *, *, *,10nF,0,0,Samsung Electronics,CAP CER10nF 50V X7R 0402X7R,Cut Tape (CT), - ,Active,50,236,58,
 *, *, *,100nF,0,0,Samsung Electronics,CAP CER100nF 25V X7R 0402,Cut Tape (CT), - ,Active,50,236,59,
 *, *, *,100nF,0,0,Samsung Electronics,CAP CER100nF 50V X7R 0402,Cut Tape (CT), - ,Active,50,236,60,
 *, *, *,9.5pF,0,0,Samsung Electronics,CAP CER9.5pF 50V X7R 0805,Cut Tape (CT), - ,Active,50,236,61,
 *, *, *,14pF,0,0,Samsung Electronics,CAP CER14pF 50V X7R 0805,Cut Tape (CT), - ,Active,50,236,62,
 *, *, *,11pF,0,0,Samsung Electronics,CAP CER11pF 50V X7R 0805,Cut Tape (CT), - ,Active,50,236,63,
 *, *, *,3.6pF,0,0,Samsung Electronics,CAP CER3.6pF 50V X7R 0805,Cut Tape (CT), - ,Active,50,236,64,
 *, *, *,8.2pF,0,0,Samsung Electronics,CAP CER8.2pF 50V X7R 0805,Cut Tape (CT), - ,Active,50,236,65,
 *, *, *,820pF,0,0,Samsung Electronics,CAP CER820pF 50V X7R 0805,Cut Tape (CT), - ,Active,50,236,66,
 *, *, *,240pF,0,0,Samsung Electronics,CAP CER240pF 50V X7R 0805,Cut Tape (CT), - ,Active,50,236,67,
 *, *, *,56pf50VS0805,0,0,Samsung Electronics,CAP CER56pf50VS0805 V X7R 0805,Cut Tape (CT), - ,Active,50,236,68,
 *, *, *,390p50VS0805,0,0,Samsung Electronics,CAP CER390p50VS0805 V X7R 0805,Cut Tape (CT), - ,Active,50,236,69,
 *, *, *,1.8nF,0,0,Samsung Electronics,CAP CER1.8nF 50V X7R 0805,Cut Tape (CT), - ,Active,50,236,70,
 *, *, *,80p50VS0805,0,0,Samsung Electronics,CAP CER80p50VS0805 V X7R 0805,Cut Tape (CT), - ,Active,50,236,71,
 *, *, *,30p50VS0805,0,0,Samsung Electronics,CAP CER30p50VS0805 V X7R 0805,Cut Tape (CT), - ,Active,50,236,72,
 *, *, *,75p50VS0805,0,0,Samsung Electronics,CAP CER75p50VS0805 V X7R 0805,Cut Tape (CT), - ,Active,50,236,73,
 *, *, *,910pF,0,0,Samsung Electronics,CAP CER910pF 50V X7R 0805,Cut Tape (CT), - ,Active,50,236,74,
 *, *, *,3nF,0,0,Samsung Electronics,CAP CER3nF 50V X7R 0805,Cut Tape (CT), - ,Active,50,236,75,
 *, *, *,16.5pF,0,0,Samsung Electronics,CAP CER16.5pF 50V X7R 0805,Cut Tape (CT), - ,Active,50,236,76,
 *, *, *,15.5pF,0,0,Samsung Electronics,CAP CER15.5pF 50V X7R 0805,Cut Tape (CT), - ,Active,50,236,77,
 *, *, *,14.5pF,0,0,Samsung Electronics,CAP CER14.5pF 50V X7R 0805,Cut Tape (CT), - ,Active,50,236,78,
 *, *, *,13.5pF,0,0,Samsung Electronics,CAP CER13.5pF 50V X7R 0805,Cut Tape (CT), - ,Active,50,236,79,
 *, *, *,12.5pF,0,0,Samsung Electronics,CAP CER12.5pF 50V X7R 0805,Cut Tape (CT), - ,Active,50,236,80,
 *, *, *,10.5pF,0,0,Samsung Electronics,CAP CER10.5pF 50V X7R 0805,Cut Tape (CT), - ,Active,50,236,81,
 *, *, *,82nF,0,0,Samsung Electronics,CAP CER82nF 50V X7R 0805,Cut Tape (CT), - ,Active,50,236,82,
 *, *, *,3.9nF,0,0,Samsung Electronics,CAP CER3.9nF 50V X7R 0805,Cut Tape (CT), - ,Active,50,236,83,
 *, *, *,4.5n50VS0805,0,0,Samsung Electronics,CAP CER4.5n50VS0805 V X7R 0805,Cut Tape (CT), - ,Active,50,236,84,
 *, *, *,820nF,0,0,Samsung Electronics,CAP CER820nF 50V X7R 0805,Cut Tape (CT), - ,Active,50,236,85,
 *, *, *,7pF,0,0,Samsung Electronics,CAP CER7pF 50V X7R 1206,Cut Tape (CT), - ,Active,50,236,86,
 *, *, *,270pF,0,0,Samsung Electronics,CAP CER270pF 50V X7R 1206,Cut Tape (CT), - ,Active,50,236,87,
 *, *, *,36pF,0,0,Samsung Electronics,CAP CER36pF 50V X7R 1206,Cut Tape (CT), - ,Active,50,236,88,
 *, *, *,82nF,0,0,Samsung Electronics,CAP CER82nF 50V X7R 1206,Cut Tape (CT), - ,Active,50,236,89,
 *, *, *,5.6nF,0,0,Samsung Electronics,CAP CER5.6nF 50V X7R 1206,Cut Tape (CT), - ,Active,50,236,90,
 *, *, *,3nF,0,0,Samsung Electronics,CAP CER3nF 50V X7R 1206,Cut Tape (CT), - ,Active,50,236,91,
 *, *, *,1.8nF,0,0,Samsung Electronics,CAP CER1.8nF 50V X7R 1206,Cut Tape (CT), - ,Active,50,236,92,
 *, *, *,330pF,0,0,Samsung Electronics,CAP CER330pF 50V X7R 1206,Cut Tape (CT), - ,Active,50,236,93,
 *, *, *,680pF,0,0,Samsung Electronics,CAP CER680pF 50V X7R 1206,Cut Tape (CT), - ,Active,50,236,94,
 *, *, *,180pF,0,0,Samsung Electronics,CAP CER180pF 50V X7R 1206,Cut Tape (CT), - ,Active,50,236,95,
 *, *, *,6.8nF,0,0,Samsung Electronics,CAP CER6.8nF 50V X7R 1206,Cut Tape (CT), - ,Active,50,236,96,
 *, *, *,220pF,0,0,Samsung Electronics,CAP CER220pF 50V X7R 1206,Cut Tape (CT), - ,Active,50,236,97,
 *, *, *,820nF,0,0,Samsung Electronics,CAP CER820nF 50V X7R 1206,Cut Tape (CT), - ,Active,50,236,98,
 *, *, *,8.2nF,0,0,Samsung Electronics,CAP CER8.2nF 50V X7R 1206,Cut Tape (CT), - ,Active,50,236,99,
 *, *, *,680nF,0,0,Samsung Electronics,CAP CER680nF 50V X7R 1206,Cut Tape (CT), - ,Active,50,236,100,
 *, *, *,270nF,0,0,Samsung Electronics,CAP CER270nF 50V X7R 1206,Cut Tape (CT), - ,Active,50,236,101,
 *, *, *,3.9nF,0,0,Samsung Electronics,CAP CER3.9nF 50V X7R 0603,Cut Tape (CT), - ,Active,50,236,102,
 *, *, *,4pF,0,0,Samsung Electronics,CAP CER4pF 50V X7R 0603,Cut Tape (CT), - ,Active,50,236,103,
 *, *, *,4.7pF,0,0,Samsung Electronics,CAP CER4.7pF 50V X7R 0603,Cut Tape (CT), - ,Active,50,236,104,
 *, *, *,3.6nF,0,0,Samsung Electronics,CAP CER3.6nF 50V X7R 0603,Cut Tape (CT), - ,Active,50,236,105,
 *, *, *,60pF,0,0,Samsung Electronics,CAP CER60pF 50V X7R 0603,Cut Tape (CT), - ,Active,50,236,106,
 *, *, *,270pF,0,0,Samsung Electronics,CAP CER270pF 50V X7R 0603,Cut Tape (CT), - ,Active,50,236,107,
 *, *, *,1.2nF,0,0,Samsung Electronics,CAP CER1.2nF 50V X7R 0603,Cut Tape (CT), - ,Active,50,236,108,
 *, *, *,180pF,0,0,Samsung Electronics,CAP CER180pF 50V X7R 0603,Cut Tape (CT), - ,Active,50,236,109,
 *, *, *,750pF,0,0,Samsung Electronics,CAP CER750pF 50V X7R 0603,Cut Tape (CT), - ,Active,50,236,110,
 *, *, *,680pF,0,0,Samsung Electronics,CAP CER680pF 50V X7R 0603,Cut Tape (CT), - ,Active,50,236,111,
 *, *, *,0.82pF,0,0,Samsung Electronics,CAP CER0.82pF 50V X7R 0603,Cut Tape (CT), - ,Active,50,236,112,
 *, *, *,39nF,0,0,Samsung Electronics,CAP CER39nF 50V X7R 0603,Cut Tape (CT), - ,Active,50,236,113,
 *, *, *,300pF,0,0,Samsung Electronics,CAP CER300pF 50V X7R 0603,Cut Tape (CT), - ,Active,50,236,114,
 *, *, *,27pF,0,0,Samsung Electronics,CAP CER27pF 50V X7R 0603,Cut Tape (CT), - ,Active,50,236,115,
 *, *, *,2.5pF,0,0,Samsung Electronics,CAP CER2.5pF 50V X7R 0603,Cut Tape (CT), - ,Active,50,236,116,
 *, *, *,5.6nF,0,0,Samsung Electronics,CAP CER5.6nF 50V X7R 0603,Cut Tape (CT), - ,Active,50,236,117,
 *, *, *,14pF,0,0,Samsung Electronics,CAP CER14pF 50V X7R 0603,Cut Tape (CT), - ,Active,50,236,118,
 *, *, *,22nF,0,0,Samsung Electronics,CAP CER22nF 50V X7R 0603,Cut Tape (CT), - ,Active,50,236,119,
 *, *, *,680nF,0,0,Samsung Electronics,CAP CER680nF 50V X7R 0603,Cut Tape (CT), - ,Active,50,236,120,
 *, *, *,750nF,0,0,Samsung Electronics,CAP CER750nF 50V X7R 0603,Cut Tape (CT), - ,Active,50,236,121,
 *, *, *,560nF,0,0,Samsung Electronics,CAP CER560nF 50V X7R 0603,Cut Tape (CT), - ,Active,50,236,122,
 *, *, *,17pF,0,0,Samsung Electronics,CAP CER17pF 50V X7R 0805,Cut Tape (CT), - ,Active,50,236,123,
 *, *, *,68n50VS0805,0,0,Samsung Electronics,CAP CER68n50VS0805 V X7R 0805,Cut Tape (CT), - ,Active,50,236,124,
 *, *, *,150nF,0,0,Samsung Electronics,CAP CER150nF 50V X7R 0805,Cut Tape (CT), - ,Active,50,236,125,
 *, *, *,560pF,0,0,Samsung Electronics,CAP CER560pF 50V X7R 1206,Cut Tape (CT), - ,Active,50,236,126,
 *, *, *,56pF,0,0,Samsung Electronics,CAP CER56pF 50V X7R 1206,Cut Tape (CT), - ,Active,50,236,127,
 *, *, *,10pF,0,0,Samsung Electronics,CAP CER10pF 50V X7R 1206,Cut Tape (CT), - ,Active,50,236,128,
 *, *, *,1.5nF,0,0,Samsung Electronics,CAP CER1.5nF 50V X7R 0603,Cut Tape (CT), - ,Active,50,236,129,
 *, *, *,7pF,0,0,Samsung Electronics,CAP CER7pF 50V X7R 0805,Cut Tape (CT), - ,Active,50,236,130,
 *, *, *,270pf50VS0805,0,0,Samsung Electronics,CAP CER270pf50VS0805 V X7R 0805,Cut Tape (CT), - ,Active,50,236,131,
 *, *, *,120nF,0,0,Samsung Electronics,CAP CER120nF 50V X7R 0805,Cut Tape (CT), - ,Active,50,236,132,
 *, *, *,6.8nf50VS0805,0,0,Samsung Electronics,CAP CER6.8nf50VS0805 V X7R 0805,Cut Tape (CT), - ,Active,50,236,133,
 *, *, *,200p50VS0805,0,0,Samsung Electronics,CAP CER200p50VS0805 V X7R 0805,Cut Tape (CT), - ,Active,50,236,134,
 *, *, *,1.2nF,0,0,Samsung Electronics,CAP CER1.2nF 50V X7R 0805,Cut Tape (CT), - ,Active,50,236,135,
 *, *, *,680pF,0,0,Samsung Electronics,CAP CER680pF 50V X7R 0805,Cut Tape (CT), - ,Active,50,236,136,
 *, *, *,1.5nF,0,0,Samsung Electronics,CAP CER1.5nF 50V X7R 0805,Cut Tape (CT), - ,Active,50,236,137,
 *, *, *,39nF,0,0,Samsung Electronics,CAP CER39nF 50V X7R 0805,Cut Tape (CT), - ,Active,50,236,138,
 *, *, *,270nF,0,0,Samsung Electronics,CAP CER270nF 50V X7R 0805,Cut Tape (CT), - ,Active,50,236,139,
 *, *, *,56nF,0,0,Samsung Electronics,CAP CER56nF 50V X7R 0805,Cut Tape (CT), - ,Active,50,236,140,
 *, *, *,8.2nF,0,0,Samsung Electronics,CAP CER8.2nF 50V X7R 0805,Cut Tape (CT), - ,Active,50,236,141,
 *, *, *,560nF,0,0,Samsung Electronics,CAP CER560nF 50V X7R 0805,Cut Tape (CT), - ,Active,50,236,142,
 *, *, *,390nF,0,0,Samsung Electronics,CAP CER390nF 50V X7R 0805,Cut Tape (CT), - ,Active,50,236,143,
 *, *, *,680nF,0,0,Samsung Electronics,CAP CER680nF 50V X7R 0805,Cut Tape (CT), - ,Active,50,236,144,
 *, *, *,1.5nF,0,0,Samsung Electronics,CAP CER1.5nF 50V X7R 1206,Cut Tape (CT), - ,Active,50,236,145,
 *, *, *,390pF,0,0,Samsung Electronics,CAP CER390pF 50V X7R 1206,Cut Tape (CT), - ,Active,50,236,146,
 *, *, *,8.2pF,0,0,Samsung Electronics,CAP CER8.2pF 50V X7R 1206,Cut Tape (CT), - ,Active,50,236,147,
 *, *, *,360pF,0,0,Samsung Electronics,CAP CER360pF 50V X7R 1206,Cut Tape (CT), - ,Active,50,236,148,
 *, *, *,27nF,0,0,Samsung Electronics,CAP CER27nF 50V X7R 1206,Cut Tape (CT), - ,Active,50,236,149,
 *, *, *,39nF,0,0,Samsung Electronics,CAP CER39nF 50V X7R 1206,Cut Tape (CT), - ,Active,50,236,150,
 *, *, *,470pF,0,0,Samsung Electronics,CAP CER470pF 50V X7R 1206,Cut Tape (CT), - ,Active,50,236,151,
 *, *, *,330nF,0,0,Samsung Electronics,CAP CER330nF 50V X7R 1206,Cut Tape (CT), - ,Active,50,236,152,
 *, *, *,0.68pF,0,0,Samsung Electronics,CAP CER0.68pF 50V X7R 0603,Cut Tape (CT), - ,Active,50,236,153,
 *, *, *,0.56pF,0,0,Samsung Electronics,CAP CER0.56pF 50V X7R 0603,Cut Tape (CT), - ,Active,50,236,154,
 *, *, *,560pF,0,0,Samsung Electronics,CAP CER560pF 50V X7R 0603,Cut Tape (CT), - ,Active,50,236,155,
 *, *, *,75pF,0,0,Samsung Electronics,CAP CER75pF 50V X7R 0603,Cut Tape (CT), - ,Active,50,236,156,
 *, *, *,82nF,0,0,Samsung Electronics,CAP CER82nF 50V X7R 0603,Cut Tape (CT), - ,Active,50,236,157,
 *, *, *,27nF,0,0,Samsung Electronics,CAP CER27nF 50V X7R 0603,Cut Tape (CT), - ,Active,50,236,158,
 *, *, *,6.8nF,0,0,Samsung Electronics,CAP CER6.8nF 50V X7R 0603,Cut Tape (CT), - ,Active,50,236,159,
 *, *, *,56nF,0,0,Samsung Electronics,CAP CER56nF 50V X7R 0603,Cut Tape (CT), - ,Active,50,236,160,
 *, *, *,330pf50VS0805,0,0,Samsung Electronics,CAP CER330pf50VS0805 V X7R 0805,Cut Tape (CT), - ,Active,50,236,161,
 *, *, *,200nF,0,0,Samsung Electronics,CAP CER200nF 50V X7R 0805,Cut Tape (CT), - ,Active,50,236,162,
 *, *, *,51nF,0,0,Samsung Electronics,CAP CER51nF 50V X7R 0805,Cut Tape (CT), - ,Active,50,236,163,
 *, *, *,1.2nF,0,0,Samsung Electronics,CAP CER1.2nF 50V X7R 1206,Cut Tape (CT), - ,Active,50,236,164,
 *, *, *,150nF,0,0,Samsung Electronics,CAP CER150nF 50V X7R 1206,Cut Tape (CT), - ,Active,50,236,165,
 *, *, *,220pF,0,0,Samsung Electronics,CAP CER220pF 50V X7R 0603,Cut Tape (CT), - ,Active,50,236,166,
 *, *, *,30pF,0,0,Samsung Electronics,CAP CER30pF 50V X7R 0603,Cut Tape (CT), - ,Active,50,236,167,
 *, *, *,8.2nF,0,0,Samsung Electronics,CAP CER8.2nF 50V X7R 0603,Cut Tape (CT), - ,Active,50,236,168,
 *, *, *,390pF,0,0,Samsung Electronics,CAP CER390pF 50V X7R 0603,Cut Tape (CT), - ,Active,50,236,169,
 *, *, *,560pf50VS0805,0,0,Samsung Electronics,CAP CER560pf50VS0805 V X7R 0805,Cut Tape (CT), - ,Active,50,236,170,
 *, *, *,27nf50VS0805,0,0,Samsung Electronics,CAP CER27nf50VS0805 V X7R 0805,Cut Tape (CT), - ,Active,50,236,171,
 *, *, *,180n50VS0805,0,0,Samsung Electronics,CAP CER180n50VS0805 V X7R 0805,Cut Tape (CT), - ,Active,50,236,172,
 *, *, *,330nF,0,0,Samsung Electronics,CAP CER330nF 50V X7R 1206,Cut Tape (CT), - ,Active,50,236,173,
 *, *, *,5pF,0,0,Samsung Electronics,CAP CER5pF 50V X7R 0603,Cut Tape (CT), - ,Active,50,236,174,
 *, *, *,0.47pF,0,0,Samsung Electronics,CAP CER0.47pF 50V X7R 0603,Cut Tape (CT), - ,Active,50,236,175,
 *, *, *,820pF,0,0,Samsung Electronics,CAP CER820pF 50V X7R 0603,Cut Tape (CT), - ,Active,50,236,176,
 *, *, *,390nF,0,0,Samsung Electronics,CAP CER390nF 50V X7R 0603,Cut Tape (CT), - ,Active,50,236,177,
 *, *, *,820nF,0,0,Samsung Electronics,CAP CER820nF 50V X7R 0603,Cut Tape (CT), - ,Active,50,236,178,
 *, *, *,1.8nF,0,0,Samsung Electronics,CAP CER1.8nF 50V X7R 0603,Cut Tape (CT), - ,Active,50,236,179,
 *, *, *,180pF,0,0,Samsung Electronics,CAP CER180pF 50V X7R 0805,Cut Tape (CT), - ,Active,50,236,180,
 *, *, *,68nF,0,0,Samsung Electronics,CAP CER68nF 50V X7R 1206,Cut Tape (CT), - ,Active,50,236,181,
 *, *, *,68nF,0,0,Samsung Electronics,CAP CER68nF 50V X7R 0603,Cut Tape (CT), - ,Active,50,236,182,
 *, *, *,470nF,0,0,Samsung Electronics,CAP CER470nF 50V X7R 1206,Cut Tape (CT), - ,Active,50,236,183,
 *, *, *,15p50VS0805,0,0,Samsung Electronics,CAP CER15p50VS0805 V X7R 0805,Cut Tape (CT), - ,Active,50,236,184,
 *, *, *,470pF,0,0,Samsung Electronics,CAP CER470pF 50V X7R 0805,Cut Tape (CT), - ,Active,50,236,185,
 *, *, *,5.6nF,0,0,Samsung Electronics,CAP CER5.6nF 50V X7R 0805,Cut Tape (CT), - ,Active,50,236,186,
 *, *, *,200pF,0,0,Samsung Electronics,CAP CER200pF 50V X7R 1206,Cut Tape (CT), - ,Active,50,236,187,
 *, *, *,2.2nF,0,0,Samsung Electronics,CAP CER2.2nF 50V X7R 1206,Cut Tape (CT), - ,Active,50,236,188,
 *, *, *,510pF,0,0,Samsung Electronics,CAP CER510pF 50V X7R 0603,Cut Tape (CT), - ,Active,50,236,189,
 *, *, *,2nF,0,0,Samsung Electronics,CAP CER2nF 50V X7R 0603,Cut Tape (CT), - ,Active,50,236,190,
 *, *, *,470pF,0,0,Samsung Electronics,CAP CER470pF 50V X7R 0603,Cut Tape (CT), - ,Active,50,236,191,
 *, *, *,330pF,0,0,Samsung Electronics,CAP CER330pF 50V X7R 0603,Cut Tape (CT), - ,Active,50,236,192,
 *, *, *,330nF,0,0,Samsung Electronics,CAP CER330nF 50V X7R 0603,Cut Tape (CT), - ,Active,50,236,193,
 *, *, *,2.2nF,0,0,Samsung Electronics,CAP CER2.2nF 50V X7R 0603,Cut Tape (CT), - ,Active,50,236,194,
 *, *, *,220nF,0,0,Samsung Electronics,CAP CER220nF 50V X7R 0603,Cut Tape (CT), - ,Active,50,236,195,
 *, *, *,150nF,0,0,Samsung Electronics,CAP CER150nF 50V X7R 0603,Cut Tape (CT), - ,Active,50,236,196,
 *, *, *,220nF,0,0,Samsung Electronics,CAP CER220nF 50V X7R 1206,Cut Tape (CT), - ,Active,50,236,197,
 *, *, *,2.2nf50VS0805,0,0,Samsung Electronics,CAP CER2.2nf50VS0805 V X7R 0805,Cut Tape (CT), - ,Active,50,236,198,
 *, *, *,470nF,0,0,Samsung Electronics,CAP CER470nF 50V X7R 0603,Cut Tape (CT), - ,Active,50,236,199,
 *, *, *,220nF,0,0,Samsung Electronics,CAP CER220nF 50V X7R 0805,Cut Tape (CT), - ,Active,50,236,200,
 *, *, *,470nF,0,0,Samsung Electronics,CAP CER470nF 50V X7R 0805,Cut Tape (CT), - ,Active,50,236,201,
 *, *, *,330n50VS0805,0,0,Samsung Electronics,CAP CER330n50VS0805 V X7R 0805,Cut Tape (CT), - ,Active,50,236,202,
 *, *, *,10nF,0,0,Samsung Electronics,CAP CER10nF 50V X7R 0805,Cut Tape (CT), - ,Active,50,236,203,
 *, *, *,100nF,0,0,Samsung Electronics,CAP CER100nF 50V X7R 1206,Cut Tape (CT), - ,Active,50,236,204,
 *, *, *,0.5pF,0,0,Samsung Electronics,CAP CER0.5pF 25V X7R 0402,Cut Tape (CT), - ,Active,50,236,205,
 *, *, *,27pF,0,0,Samsung Electronics,CAP CER27pF 50V X7R 1206,Cut Tape (CT), - ,Active,50,236,206,
 *, *, *,3.3pF,0,0,Samsung Electronics,CAP CER3.3pF 50V X7R 1206,Cut Tape (CT), - ,Active,50,236,207,
 *, *, *,100nF,0,0,Samsung Electronics,CAP CER100nF 50V X7R 0603,Cut Tape (CT), - ,Active,50,236,208,
 *, *, *,82pF,0,0,Samsung Electronics,CAP CER82pF 50V X7R 1206,Cut Tape (CT), - ,Active,50,236,209,
 *, *, *,82pF,0,0,Samsung Electronics,CAP CER82pF 50V X7R 0603,Cut Tape (CT), - ,Active,50,236,210,
 *, *, *,62pF,0,0,Samsung Electronics,CAP CER62pF 50V X7R 0805,Cut Tape (CT), - ,Active,50,236,211,
 *, *, *,6.8pF,0,0,Samsung Electronics,CAP CER6.8pF 50V X7R 0201,Cut Tape (CT), - ,Active,50,236,212,
 *, *, *,5.6pF,0,0,Samsung Electronics,CAP CER5.6pF 50V X7R 1206,Cut Tape (CT), - ,Active,50,236,213,
 *, *, *,3.3nF,0,0,Samsung Electronics,CAP CER3.3nF 50V X7R 1206,Cut Tape (CT), - ,Active,50,236,214,
 *, *, *,25pF,0,0,Samsung Electronics,CAP CER25pF 50V X7R 0805,Cut Tape (CT), - ,Active,50,236,215,
 *, *, *,25pF,0,0,Samsung Electronics,CAP CER25pF 50V X7R 0603,Cut Tape (CT), - ,Active,50,236,216,
 *, *, *,2.7pF,0,0,Samsung Electronics,CAP CER2.7pF 50V X7R 1206,Cut Tape (CT), - ,Active,50,236,217,
 *, *, *,2.7pF,0,0,Samsung Electronics,CAP CER2.7pF 50V X7R 0603,Cut Tape (CT), - ,Active,50,236,218,
 *, *, *,2.5pF,0,0,Samsung Electronics,CAP CER2.5pF 50V X7R 0805,Cut Tape (CT), - ,Active,50,236,219,
 *, *, *,2.5pF,0,0,Samsung Electronics,CAP CER2.5pF 50V X7R 0603,Cut Tape (CT), - ,Active,50,236,220,
 *, *, *,2.2pF,0,0,Samsung Electronics,CAP CER2.2pF 50V X7R 1206,Cut Tape (CT), - ,Active,50,236,221,
 *, *, *,16pF,0,0,Samsung Electronics,CAP CER16pF 50V X7R 0805,Cut Tape (CT), - ,Active,50,236,222,
 *, *, *,1.8pF,0,0,Samsung Electronics,CAP CER1.8pF 50V X7R 1206,Cut Tape (CT), - ,Active,50,236,223,
 *, *, *,1.2pF,0,0,Samsung Electronics,CAP CER1.2pF 50V X7R 1206,Cut Tape (CT), - ,Active,50,236,224,
 *, *, *,3pF,0,0,Samsung Electronics,CAP CER3pF 50V X7R 1206,Cut Tape (CT), - ,Active,50,236,225,
 *, *, *,8pF,0,0,Samsung Electronics,CAP CER8pF 50V X7R 0603,Cut Tape (CT), - ,Active,50,236,226,
 *, *, *,68pF,0,0,Samsung Electronics,CAP CER68pF 50V X7R 0603,Cut Tape (CT), - ,Active,50,236,227,
 *, *, *,39pF,0,0,Samsung Electronics,CAP CER39pF 50V X7R 1206,Cut Tape (CT), - ,Active,50,236,228,
 *, *, *,22nF,0,0,Samsung Electronics,CAP CER22nF 50V X7R 0603,Cut Tape (CT), - ,Active,50,236,229,
 *, *, *,15nF,0,0,Samsung Electronics,CAP CER15nF 50V X7R 0603,Cut Tape (CT), - ,Active,50,236,230,
 *, *, *,13pF,0,0,Samsung Electronics,CAP CER13pF 50V X7R 1206,Cut Tape (CT), - ,Active,50,236,231,
 *, *, *,12nF,0,0,Samsung Electronics,CAP CER12nF 50V X7R 0805,Cut Tape (CT), - ,Active,50,236,232,
 *, *, *,12nF,0,0,Samsung Electronics,CAP CER12nF 50V X7R 1206,Cut Tape (CT), - ,Active,50,236,233,
 *, *, *,24pF,0,0,Samsung Electronics,CAP CER24pF 50V X7R 0805,Cut Tape (CT), - ,Active,50,236,234,
 *, *, *,24pF,0,0,Samsung Electronics,CAP CER24pF 50V X7R 0603,Cut Tape (CT), - ,Active,50,236,235,
 *, *, *,4.7pF,0,0,Samsung Electronics,CAP CER4.7pF 50V X7R 0805,Cut Tape (CT), - ,Active,50,236,236,
 *, *, *,4.7pF,0,0,Samsung Electronics,CAP CER4.7pF 50V X7R 1206,Cut Tape (CT), - ,Active,50,236,237,
 *, *, *,4.7pF,0,0,Samsung Electronics,CAP CER4.7pF 50V X7R 0603,Cut Tape (CT), - ,Active,50,236,238,
 *, *, *,2pF,0,0,Samsung Electronics,CAP CER2pF 50V X7R 1206,Cut Tape (CT), - ,Active,50,236,239,
 *, *, *,18nF,0,0,Samsung Electronics,CAP CER18nF 50V X7R 0603,Cut Tape (CT), - ,Active,50,236,240,
 *, *, *,150pF,0,0,Samsung Electronics,CAP CER150pF 50V X7R 1206,Cut Tape (CT), - ,Active,50,236,241,
 *, *, *,150pF,0,0,Samsung Electronics,CAP CER150pF 50V X7R 0603,Cut Tape (CT), - ,Active,50,236,242,
 *, *, *,120pF,0,0,Samsung Electronics,CAP CER120pF 50V X7R 1206,Cut Tape (CT), - ,Active,50,236,243,
 *, *, *,120nF,0,0,Samsung Electronics,CAP CER120nF 50V X7R 1206,Cut Tape (CT), - ,Active,50,236,244,
 *, *, *,1.5pF,0,0,Samsung Electronics,CAP CER1.5pF 50V X7R 1206,Cut Tape (CT), - ,Active,50,236,245,
 *, *, *,5pF,0,0,Samsung Electronics,CAP CER5pF 50V X7R 0805,Cut Tape (CT), - ,Active,50,236,246,
 *, *, *,18nF,0,0,Samsung Electronics,CAP CER18nF 50V X7R 1206,Cut Tape (CT), - ,Active,50,236,247,
 *, *, *,22uF,0,0,Samsung Electronics,CAP CER22uF 6.3V X7R 0805,Cut Tape (CT), - ,Active,50,236,248,
 *, *, *,100uF,0,0,Samsung Electronics,CAP CER100uF 6.3V X7R 0805,Cut Tape (CT), - ,Active,50,236,249,
 *, *, *,4.7uF,0,0,Samsung Electronics,CAP CER4.7uF 16V X7R 1206,Cut Tape (CT), - ,Active,50,236,250,
 *, *, *,1uF,0,0,Samsung Electronics,CAP CER1uF 50V X7R 1206,Cut Tape (CT), - ,Active,50,236,251,
 *, *, *,22uF,0,0,Samsung Electronics,CAP CER22uF 16V X7R 1206,Cut Tape (CT), - ,Active,50,236,252,
 *, *, *,10uF,0,0,Samsung Electronics,CAP CER10uF 6.3V X7R 1206,Cut Tape (CT), - ,Active,50,236,253,
 *, *, *,2.2uF,0,0,Samsung Electronics,CAP CER2.2uF 50V X7R 0603,Cut Tape (CT), - ,Active,50,236,254,
 *, *, *,10uF,0,0,Samsung Electronics,CAP CER10uF 16V X7R 0603,Cut Tape (CT), - ,Active,50,236,255,
 *, *, *,10uF,0,0,Samsung Electronics,CAP CER10uF 50V X7R 0603,Cut Tape (CT), - ,Active,50,236,256,
 *, *, *,2.2uF,0,0,Samsung Electronics,CAP CER2.2uF 10V X7R 0805,Cut Tape (CT), - ,Active,50,236,257,
 *, *, *,3.3uF,0,0,Samsung Electronics,CAP CER3.3uF 25V X7R 0805,Cut Tape (CT), - ,Active,50,236,258,
 *, *, *,2.2uF,0,0,Samsung Electronics,CAP CER2.2uF 50V X7R 1206,Cut Tape (CT), - ,Active,50,236,259,
 *, *, *,100uF,0,0,Samsung Electronics,CAP CER100uF 10V X7R 1206,Cut Tape (CT), - ,Active,50,236,260,
 *, *, *,1uF,0,0,Samsung Electronics,CAP CER1uF 50V X7R 1206,Cut Tape (CT), - ,Active,50,236,261,
 *, *, *,10uF,0,0,Samsung Electronics,CAP CER10uF 16V X7R 1206,Cut Tape (CT), - ,Active,50,236,262,
 *, *, *,33nF,0,0,Samsung Electronics,CAP CER33nF 50V X7R 0603,Cut Tape (CT), - ,Active,50,236,263,
 *, *, *,62pF,0,0,Samsung Electronics,CAP CER62pF 50V X7R 0603,Cut Tape (CT), - ,Active,50,236,264,
 *, *, *,16pF,0,0,Samsung Electronics,CAP CER16pF 50V X7R 1206,Cut Tape (CT), - ,Active,50,236,265,
 *, *, *,16pF,0,0,Samsung Electronics,CAP CER16pF 50V X7R 0603,Cut Tape (CT), - ,Active,50,236,266,
 *, *, *,13pF,0,0,Samsung Electronics,CAP CER13pF 50V X7R 0805,Cut Tape (CT), - ,Active,50,236,267,
 *, *, *,160pF,0,0,Samsung Electronics,CAP CER160pF 50V X7R 0805,Cut Tape (CT), - ,Active,50,236,268,
 *, *, *,3.9pF,0,0,Samsung Electronics,CAP CER3.9pF 50V X7R 1206,Cut Tape (CT), - ,Active,50,236,269,
 *, *, *,120pF,0,0,Samsung Electronics,CAP CER120pF 50V X7R 0805,Cut Tape (CT), - ,Active,50,236,270,
 *, *, *,110pF,0,0,Samsung Electronics,CAP CER110pF 50V X7R 0805,Cut Tape (CT), - ,Active,50,236,271,
 *, *, *,22uF,0,0,Samsung Electronics,CAP CER22uF 35V X7R 0805,Cut Tape (CT), - ,Active,50,236,272,
 *, *, *,10uF,0,0,Samsung Electronics,CAP CER10uF 50V X7R 1206,Cut Tape (CT), - ,Active,50,236,273,
 *, *, *,10uF,0,0,Samsung Electronics,CAP CER10uF  1210 X7R ,Cut Tape (CT), - ,Active,50,236,274,
 *, *, *,1uF,0,0,Samsung Electronics,CAP CER1uF 50V X7R 0805,Cut Tape (CT), - ,Active,50,236,275,
 *, *, *,27pF,0,0,Samsung Electronics,CAP CER27pF 50V X7R 0603,Cut Tape (CT), - ,Active,50,236,276,
 *, *, *,3.3pF,0,0,Samsung Electronics,CAP CER3.3pF 50V X7R 0603,Cut Tape (CT), - ,Active,50,236,277,
 *, *, *,2.7nF,0,0,Samsung Electronics,CAP CER2.7nF 50V X7R 1206,Cut Tape (CT), - ,Active,50,236,278,
 *, *, *,6pF,0,0,Samsung Electronics,CAP CER6pF 50V X7R 1206,Cut Tape (CT), - ,Active,50,236,279,
 *, *, *,6.8pF,0,0,Samsung Electronics,CAP CER6.8pF 50V X7R 0603,Cut Tape (CT), - ,Active,50,236,280,
 *, *, *,51pF,0,0,Samsung Electronics,CAP CER51pF 50V X7R 0805,Cut Tape (CT), - ,Active,50,236,281,
 *, *, *,5.6pF,0,0,Samsung Electronics,CAP CER5.6pF 50V X7R 0603,Cut Tape (CT), - ,Active,50,236,282,
 *, *, *,43pF,0,0,Samsung Electronics,CAP CER43pF 50V X7R 0805,Cut Tape (CT), - ,Active,50,236,283,
 *, *, *,43pF,0,0,Samsung Electronics,CAP CER43pF 50V X7R 0603,Cut Tape (CT), - ,Active,50,236,284,
 *, *, *,1.2pF,0,0,Samsung Electronics,CAP CER1.2pF 50V X7R 0805,Cut Tape (CT), - ,Active,50,236,285,
 *, *, *,0.5pF,0,0,Samsung Electronics,CAP CER0.5pF 50V X7R 1206,Cut Tape (CT), - ,Active,50,236,286,
 *, *, *,1pF,0,0,Samsung Electronics,CAP CER1pF 50V X7R 1206,Cut Tape (CT), - ,Active,50,236,287,
 *, *, *,68pF,0,0,Samsung Electronics,CAP CER68pF 50V X7R 1206,Cut Tape (CT), - ,Active,50,236,288,
 *, *, *,39pF,0,0,Samsung Electronics,CAP CER39pF 50V X7R 0805,Cut Tape (CT), - ,Active,50,236,289,
 *, *, *,39pF,0,0,Samsung Electronics,CAP CER39pF 50V X7R 0603,Cut Tape (CT), - ,Active,50,236,290,
 *, *, *,13pF,0,0,Samsung Electronics,CAP CER13pF 50V X7R 0603,Cut Tape (CT), - ,Active,50,236,291,
 *, *, *,3.9pF,0,0,Samsung Electronics,CAP CER3.9pF 50V X7R 0805,Cut Tape (CT), - ,Active,50,236,292,
 *, *, *,15pF,0,0,Samsung Electronics,CAP CER15pF 50V X7R 1206,Cut Tape (CT), - ,Active,50,236,293,
 *, *, *,12pF,0,0,Samsung Electronics,CAP CER12pF 50V X7R 1206,Cut Tape (CT), - ,Active,50,236,294,
 *, *, *,1.5pF,0,0,Samsung Electronics,CAP CER1.5pF 50V X7R 0805,Cut Tape (CT), - ,Active,50,236,295,
 *, *, *,56pF,0,0,Samsung Electronics,CAP CER56pF 50V X7R 0603,Cut Tape (CT), - ,Active,50,236,296,
 *, *, *,27pF,0,0,Samsung Electronics,CAP CER27pF 50V X7R 0805,Cut Tape (CT), - ,Active,50,236,297,
 *, *, *,15nF,0,0,Samsung Electronics,CAP CER15nF 50V X7R 1206,Cut Tape (CT), - ,Active,50,236,298,
 *, *, *,4.7uF,0,0,Samsung Electronics,CAP CER4.7uF 50V X7R 0805,Cut Tape (CT), - ,Active,50,236,299,
 *, *, *,4.7nF,0,0,Samsung Electronics,CAP CER4.7nF 50V X7R 0603,Cut Tape (CT), - ,Active,50,236,300,
 *, *, *,3pF,0,0,Samsung Electronics,CAP CER3pF 50V X7R 0603,Cut Tape (CT), - ,Active,50,236,301,
 *, *, *,47pF,0,0,Samsung Electronics,CAP CER47pF 50V X7R 01206,Cut Tape (CT), - ,Active,50,236,302,
 *, *, *,2pF,0,0,Samsung Electronics,CAP CER2pF 50V X7R 0603,Cut Tape (CT), - ,Active,50,236,303,
 *, *, *,130pF,0,0,Samsung Electronics,CAP CER130pF 50V X7R 0805,Cut Tape (CT), - ,Active,50,236,304,
 *, *, *,10uF,0,0,Samsung Electronics,CAP CER10uF 25V X7R 0805,Cut Tape (CT), - ,Active,50,236,305,
 *, *, *,4.7uF,0,0,Samsung Electronics,CAP CER4.7uF 50V X7R 0603,Cut Tape (CT), - ,Active,50,236,306,
 *, *, *,30pF,0,0,Samsung Electronics,CAP CER30pF 25V X7R 0603,Cut Tape (CT), - ,Active,50,236,307,
 *, *, *,33nF,0,0,Samsung Electronics,CAP CER33nF 50V X7R 1206,Cut Tape (CT), - ,Active,50,236,308,
 *, *, *,2.7nF,0,0,Samsung Electronics,CAP CER2.7nF 50V X7R 0805,Cut Tape (CT), - ,Active,50,236,309,
 *, *, *,2.7nF,0,0,Samsung Electronics,CAP CER2.7nF 50V X7R 0603,Cut Tape (CT), - ,Active,50,236,310,
 *, *, *,4.7nF,0,0,Samsung Electronics,CAP CER4.7nF 50V X7R 0805,Cut Tape (CT), - ,Active,50,236,311,
 *, *, *,6pF,0,0,Samsung Electronics,CAP CER6pF 50V X7R 0603,Cut Tape (CT), - ,Active,50,236,312,
 *, *, *,5.6pF,0,0,Samsung Electronics,CAP CER5.6pF 50V X7R 0805,Cut Tape (CT), - ,Active,50,236,313,
 *, *, *,2.7pF,0,0,Samsung Electronics,CAP CER2.7pF 50V X7R 0805,Cut Tape (CT), - ,Active,50,236,314,
 *, *, *,2.2pF,0,0,Samsung Electronics,CAP CER2.2pF 50V X7R 0805,Cut Tape (CT), - ,Active,50,236,315,
 *, *, *,2.2pF,0,0,Samsung Electronics,CAP CER2.2pF 50V X7R 0603,Cut Tape (CT), - ,Active,50,236,316,
 *, *, *,1.8pF,0,0,Samsung Electronics,CAP CER1.8pF 50V X7R 0603,Cut Tape (CT), - ,Active,50,236,317,
 *, *, *,68pF,0,0,Samsung Electronics,CAP CER68pF 50V X7R 0805,Cut Tape (CT), - ,Active,50,236,318,
 *, *, *,47pF,0,0,Samsung Electronics,CAP CER47pF 50V X7R 0805,Cut Tape (CT), - ,Active,50,236,319,
 *, *, *,47pF,0,0,Samsung Electronics,CAP CER47pF 50V X7R 00603,Cut Tape (CT), - ,Active,50,236,320,
 *, *, *,47nF,0,0,Samsung Electronics,CAP CER47nF 50V X7R 1206,Cut Tape (CT), - ,Active,50,236,321,
 *, *, *,18nF,0,0,Samsung Electronics,CAP CER18nF 50V X7R 0805,Cut Tape (CT), - ,Active,50,236,322,
 *, *, *,18pF,0,0,Samsung Electronics,CAP CER18pF 50V X7R 0805,Cut Tape (CT), - ,Active,50,236,323,
 *, *, *,12nF,0,0,Samsung Electronics,CAP CER12nF 50V X7R 0603,Cut Tape (CT), - ,Active,50,236,324,
 *, *, *,30pF,0,0,Samsung Electronics,CAP CER30pF 50V X7R 1206,Cut Tape (CT), - ,Active,50,236,325,
 *, *, *,6pF,0,0,Samsung Electronics,CAP CER6pF 50V X7R 0805,Cut Tape (CT), - ,Active,50,236,326,
 *, *, *,1.2pF,0,0,Samsung Electronics,CAP CER1.2pF 50V X7R 0603,Cut Tape (CT), - ,Active,50,236,327,
 *, *, *,1.5pF,0,0,Samsung Electronics,CAP CER1.5pF 50V X7R 0603,Cut Tape (CT), - ,Active,50,236,328,
 *, *, *,3.3nF,0,0,Samsung Electronics,CAP CER3.3nF 50V X7R 0805,Cut Tape (CT), - ,Active,50,236,329,
 *, *, *,30pF,0,0,Samsung Electronics,CAP CER30pF 50V X7R 805,Cut Tape (CT), - ,Active,50,236,330,
 *, *, *,4.7nF,0,0,Samsung Electronics,CAP CER4.7nF 50V X7R 1206,Cut Tape (CT), - ,Active,50,236,331,
 *, *, *,9pF,0,0,Samsung Electronics,CAP CER9pF 50V X7R 0805,Cut Tape (CT), - ,Active,50,236,332,
 *, *, *,6.8pF,0,0,Samsung Electronics,CAP CER6.8pF 50V X7R 0805,Cut Tape (CT), - ,Active,50,236,333,
 *, *, *,1.8pF,0,0,Samsung Electronics,CAP CER1.8pF 50V X7R 0805,Cut Tape (CT), - ,Active,50,236,334,
 *, *, *,0.5pF,0,0,Samsung Electronics,CAP CER0.5pF 50V X7R 0805,Cut Tape (CT), - ,Active,50,236,335,
 *, *, *,0.5pF,0,0,Samsung Electronics,CAP CER0.5pF 50V X7R 0603,Cut Tape (CT), - ,Active,50,236,336,
 *, *, *,3pF,0,0,Samsung Electronics,CAP CER3pF 50V X7R 0805,Cut Tape (CT), - ,Active,50,236,337,
 *, *, *,1pF,0,0,Samsung Electronics,CAP CER1pF 50V X7R 0603,Cut Tape (CT), - ,Active,50,236,338,
 *, *, *,2pF,0,0,Samsung Electronics,CAP CER2pF 50V X7R 0805,Cut Tape (CT), - ,Active,50,236,339,
 *, *, *,120pF,0,0,Samsung Electronics,CAP CER120pF 50V X7R 0603,Cut Tape (CT), - ,Active,50,236,340,
 *, *, *,20pF,0,0,Samsung Electronics,CAP CER20pF 50V X7R 0805,Cut Tape (CT), - ,Active,50,236,341,
 *, *, *,3.3nF,0,0,Samsung Electronics,CAP CER3.3nF 50V X7R 0603,Cut Tape (CT), - ,Active,50,236,342,
 *, *, *,18pF,0,0,Samsung Electronics,CAP CER18pF 50V X7R 0603,Cut Tape (CT), - ,Active,50,236,343,
 *, *, *,12pF,0,0,Samsung Electronics,CAP CER12pF 50V X7R 0603,Cut Tape (CT), - ,Active,50,236,344,
 *, *, *,1uF,0,0,Samsung Electronics,CAP CER1uF 50V X7R 0603,Cut Tape (CT), - ,Active,50,236,345,
 *, *, *,3.3pF,0,0,Samsung Electronics,CAP CER3.3pF 50V X7R 0805,Cut Tape (CT), - ,Active,50,236,346,
 *, *, *,82pF,0,0,Samsung Electronics,CAP CER82pF 50V X7R 0805,Cut Tape (CT), - ,Active,50,236,347,
 *, *, *,8pF,0,0,Samsung Electronics,CAP CER8pF 50V X7R 0805,Cut Tape (CT), - ,Active,50,236,348,
 *, *, *,15nF,0,0,Samsung Electronics,CAP CER15nF 50V X7R 0805,Cut Tape (CT), - ,Active,50,236,349,
 *, *, *,22nF,0,0,Samsung Electronics,CAP CER22nF 50V X7R 1206,Cut Tape (CT), - ,Active,50,236,350,
 *, *, *,6.8pF,0,0,Samsung Electronics,CAP CER6.8pF 50V X7R 1206,Cut Tape (CT), - ,Active,50,236,351,
 *, *, *,22nF,0,0,Samsung Electronics,CAP CER22nF 50V X7R 0805,Cut Tape (CT), - ,Active,50,236,352,
 *, *, *,33nF,0,0,Samsung Electronics,CAP CER33nF 50V X7R 0805X7R,Cut Tape (CT), - ,Active,50,236,353,
 *, *, *,15pF,0,0,Samsung Electronics,CAP CER15pF 50V X7R 0805,Cut Tape (CT), - ,Active,50,236,354,
 *, *, *,33pF,0,0,Samsung Electronics,CAP CER33pF 50V X7R 0603,Cut Tape (CT), - ,Active,50,236,355,
 *, *, *,1nF,0,0,Samsung Electronics,CAP CER1nF 50V X7R 1206,Cut Tape (CT), - ,Active,50,236,356,
 *, *, *,1pF,0,0,Samsung Electronics,CAP CER1pF 50V X7R 0805,Cut Tape (CT), - ,Active,50,236,357,
 *, *, *,47nF,0,0,Samsung Electronics,CAP CER47nF 50V X7R 0603,Cut Tape (CT), - ,Active,50,236,358,
 *, *, *,18pF,0,0,Samsung Electronics,CAP CER18pF 50V X7R 1206,Cut Tape (CT), - ,Active,50,236,359,
 *, *, *,33pF,0,0,Samsung Electronics,CAP CER33pF 50V X7R 1206,Cut Tape (CT), - ,Active,50,236,360,
 *, *, *,12pF,0,0,Samsung Electronics,CAP CER12pF 50V X7R 0805,Cut Tape (CT), - ,Active,50,236,361,
 *, *, *,15pF,0,0,Samsung Electronics,CAP CER15pF 50V X7R 0603,Cut Tape (CT), - ,Active,50,236,362,
 *, *, *,47nF,0,0,Samsung Electronics,CAP CER47nF 50V X7R 0805,Cut Tape (CT), - ,Active,50,236,363,
 *, *, *,20pF,0,0,Samsung Electronics,CAP CER20pF 50V X7R 0603,Cut Tape (CT), - ,Active,50,236,364,
 *, *, *,22pF,0,0,Samsung Electronics,CAP CER22pF 50V X7R 1206,Cut Tape (CT), - ,Active,50,236,365,
 *, *, *,20pF,0,0,Samsung Electronics,CAP CER20pF 50V X7R 1206,Cut Tape (CT), - ,Active,50,236,366,
 *, *, *,100pF,0,0,Samsung Electronics,CAP CER100pF 50V X7R 1206,Cut Tape (CT), - ,Active,50,236,367,
 *, *, *,33pF,0,0,Samsung Electronics,CAP CER33pF 50V X7R 0805,Cut Tape (CT), - ,Active,50,236,368,
 *, *, *,10pF,0,0,Samsung Electronics,CAP CER10pF 50V X7R 1206,Cut Tape (CT), - ,Active,50,236,369,
 *, *, *,120nF,0,0,Samsung Electronics,CAP CER120nF 50V X7R 0603,Cut Tape (CT), - ,Active,50,236,370,
 *, *, *,150pF,0,0,Samsung Electronics,CAP CER150pF 50V X7R 0805,Cut Tape (CT), - ,Active,50,236,371,
 *, *, *,10pF,0,0,Samsung Electronics,CAP CER10pF 50V X7R 0805,Cut Tape (CT), - ,Active,50,236,372,
 *, *, *,1nF,0,0,Samsung Electronics,CAP CER1nF 50V X7R 0805,Cut Tape (CT), - ,Active,50,236,373,
 *, *, *,10nF,0,0,Samsung Electronics,CAP CER10nF 50V X7R 1206X7R,Cut Tape (CT), - ,Active,50,236,374,
 *, *, *,100pF,0,0,Samsung Electronics,CAP CER100pF 50V X7R 0805,Cut Tape (CT), - ,Active,50,236,375,
 *, *, *,10nF,0,0,Samsung Electronics,CAP CER10nF 50V X7R 0805X7R,Cut Tape (CT), - ,Active,50,236,376,
 *, *, *,100pF,0,0,Samsung Electronics,CAP CER100pF 50V X7R 0603,Cut Tape (CT), - ,Active,50,236,377,
 *, *, *,100nF,0,0,Samsung Electronics,CAP CER100nF 50V X7R 0805,Cut Tape (CT), - ,Active,50,236,378,
 *, *, *,1nF,0,0,Samsung Electronics,CAP CER1nF 50V X7R 0603,Cut Tape (CT), - ,Active,50,236,379,
 *, *, *,22pF,0,0,Samsung Electronics,CAP CER22pF 50V X7R 0603,Cut Tape (CT), - ,Active,50,236,380,
 *, *, *,100nF,0,0,Samsung Electronics,CAP CER100nF 50V X7R 0603X7R,Cut Tape (CT), - ,Active,50,236,381,
 *, *, *,22pF,0,0,Samsung Electronics,CAP CER22pF 50V X7R 0805,Cut Tape (CT), - ,Active,50,236,382,
 *, *, *,22nF,0,0,Samsung Electronics,CAP CER22nF 1000V X7R 1210,Cut Tape (CT), - ,Active,50,236,383,
 *, *, *,10pF,0,0,Samsung Electronics,CAP CER10pF 50V X7R 0603,Cut Tape (CT), - ,Active,50,236,384,
 *, *, *,10nF,0,0,Samsung Electronics,CAP CER10nF 50V X7R 0603,Cut Tape (CT), - ,Active,50,236,385,
